text
"Imagine a cyberpunk close-up shot capturing the upper body of a character with an melancholic demeanor. The subject is gesturing with one hand while shaking the head, showcasing natural body language. The background features a vibrant carnival, complementing the character's pose. The lighting is dim and moody, emphasizing the contours of their face and upper body. The camera subtly pans or zooms, drawing attention to the harmony between expression, posture, and setting."
"A sleek red sports car speeds through a winding mountain road, its engine roaring against the backdrop of towering snow-capped peaks. The sunlight glints off the polished surface, creating dazzling reflections. The camera pans to capture the lush greenery surrounding the road. The atmosphere is exhilarating, with a cinematic style emphasizing speed and adventure. The lighting is golden, suggesting early morning or late afternoon."
"A group of fluffy baby chicks huddle together under a heat lamp in a rustic barn. Their soft peeping fills the air as they nudge each other for warmth. The wooden floor beneath them is strewn with straw, and the gentle light creates a cozy, heartwarming atmosphere. The video captures their tiny, detailed movements in a close-up, realistic style."
"A black-and-white film of a pianist playing in an empty theater. His fingers move deftly across the keys, the music echoing in the large, empty hall. Dust motes float in the air, caught in the faint light streaming through the high windows. The grand piano gleams under the spotlight, contrasting with the decaying seats and peeling walls. The atmosphere is haunting and nostalgic."
"A wave of glowing steam crashes into a stone wall, the vapor hissing and swirling as it dissipates."
"A tomato surfing on a piece of lettuce down a waterfall of ranch dressing, with exaggerated surfing moves and creamy wave effects to highlight the 3D animated fun."
"A cheerful panda on a bustling city street, casually playing a violin while sitting on a bench. People passing by stop to enjoy the impromptu performance, and a group of children dance around, clapping their hands to the upbeat tempo. The panda’s paws move swiftly, creating a lively tune that brings a sense of joy and energy to the urban scene."
"A shimmering, crystalline city built into the side of a massive mountain on a distant planet. Waterfalls of liquid light cascade down the cliffs, with hovering bridges connecting the structures. The entire city glows as it absorbs energy from the planet’s core."
